"ID","Description","setSize","enrichmentScore","NES","pvalue","p.adjust","qvalue","rank","leading_edge","core_enrichment","direction","cell_type","cell_group","tissue","comparison","dataset"
"hsa04330","Notch signaling pathway",36,0.623830336873922,1.68881062256528,5.72537823766296e-05,0.0168326120187291,0.0139217091884226,1263,"tags=56%, list=19%, signal=45%","4853/441478/2033/1387/1857/5986/151636/3955/8850/7090/9612/84441/9794/4851/7091/23013/1840/83737/1487/6310","Up","Tregs","IMM","Colon","ActiveCD_vs_Control","dataset_02"
"hsa04310","Wnt signaling pathway",66,0.527141912062176,1.49771191650846,0.00048084467974758,0.0422323326797824,0.0349289969532035,2034,"tags=53%, list=30%, signal=38%","23291/4089/1459/2033/79718/1387/9475/324/57680/5566/1857/6259/7157/7090/7091/6907/7976/8945/817/1487/5330/1454/894/1499/5567/8454/5579/2932/23411/5532/5530/4773/6932/5601/5663","Up","Tregs","IMM","Colon","ActiveCD_vs_Control","dataset_02"
"hsa04934","Cushing syndrome",57,0.54171183351221,1.52042592746416,0.000517479396549912,0.0422323326797824,0.0349289969532035,2044,"tags=56%, list=30%, signal=40%","1021/3709/4297/3708/324/5566/6667/1857/196/2771/7976/5605/817/109/113/8085/5330/64764/5929/3949/673/5443/9101/2778/1499/5567/2932/1871/405/1385/6932/1386","Up","Tregs","IMM","Colon","ActiveCD_vs_Control","dataset_02"
"hsa04672","Intestinal immune network for IgA production",19,-0.497799957645911,-2.10242759569462,0.000574589560269148,0.0422323326797824,0.0349289969532035,363,"tags=42%, list=5%, signal=40%","3108/3117/3695/3123/3119/3586/7852/23495","Down","Tregs","IMM","Colon","ActiveCD_vs_Control","dataset_02"
