"ID","Description","setSize","enrichmentScore","NES","pvalue","p.adjust","qvalue","rank","leading_edge","core_enrichment","direction","cell_type","cell_group","tissue","comparison","dataset"
"hsa04151","PI3K-Akt signaling pathway",131,0.470878664796132,1.61234109139972,2.84052070280579e-05,0.00772621631163174,0.00699665099427952,420,"tags=29%, list=10%, signal=27%","2149/5516/4254/3908/1435/207/2247/894/3672/3480/2782/7532/5970/284/64764/2690/6794/55970/1386/22798/2668/208/3454/2885/3911/2788/2260/3913/5170/1278/5525/1284/3575/6654/3910/5586/3680/4193","Up","Myofibroblasts_HHIP_NPNT","STR","Ileum","InactiveCD_vs_Control","dataset_02"
"hsa05145","Toxoplasmosis",42,0.580990013000187,1.7672847896191,0.000351459561250074,0.0365532982628584,0.0331016710275111,1009,"tags=57%, list=23%, signal=44%","3908/23118/207/3123/3122/5970/22798/208/3303/3911/2771/3913/5170/3910/6772/2770/3312/6774/3304/3688/3915/5594/3912/3588","Up","Myofibroblasts_HHIP_NPNT","STR","Ileum","InactiveCD_vs_Control","dataset_02"
"hsa05165","Human papillomavirus infection",127,0.44728292053013,1.53251819872078,0.000403161377899174,0.0365532982628584,0.0331016710275111,1357,"tags=48%, list=32%, signal=34%","5516/3908/84441/207/4600/894/2033/3672/472/182/4853/5970/64764/22798/208/3454/2885/3911/5610/3913/1278/5525/1284/6654/3910/3680/4193/6772/3280/5986/324/1021/5700/3133/1739/3678/1857/3688/3106/3915/3659/5567/537/5594/3912/51382/1277/529/3685/83439/1499/1452/5747/3845/8717/2932/3105/2778/2335/1019/1282","Up","Myofibroblasts_HHIP_NPNT","STR","Ileum","InactiveCD_vs_Control","dataset_02"
"hsa01230","Biosynthesis of amino acids",22,-0.559873678598162,-1.95589989041154,0.000715411702424958,0.0486479957648971,0.044054299570379,298,"tags=32%, list=7%, signal=30%","3421/7167/29920/5211/50/48/26227","Down","Myofibroblasts_HHIP_NPNT","STR","Ileum","InactiveCD_vs_Control","dataset_02"
