"ID","Description","setSize","enrichmentScore","NES","pvalue","p.adjust","qvalue","rank","leading_edge","core_enrichment","direction","cell_type","cell_group","tissue","comparison","dataset"
"hsa04080","Neuroactive ligand-receptor interaction",16,-0.755609477497087,-2.03791602239647,5.58072955788541e-05,0.00818112694630832,0.00788832871875624,437,"tags=69%, list=13%, signal=60%","3001/27334/5734/5732/10316/5443/5025/5032/153/10161/1903","Down","gd_T_NK_cell","IMM","Ileum","ActiveCD_vs_Control","dataset_01"
"hsa03040","Spliceosome",89,0.43906563449536,1.94610098296526,6.54490155704666e-05,0.00818112694630832,0.00788832871875624,880,"tags=49%, list=27%, signal=37%","7307/6636/11017/6637/6632/144983/8683/10907/84844/220988/29896/84991/23658/6427/22985/8896/4809/6429/51729/23451/8175/3183/6635/6628/6627/51690/10450/51362/10772/1665/51639/5093/6426/57461/83443/51503/6625/25804/84950/6634/6631/55119/4116/11338","Up","gd_T_NK_cell","IMM","Ileum","ActiveCD_vs_Control","dataset_01"
"hsa04670","Leukocyte transendothelial migration",39,-0.553786041681347,-1.9000330437486,0.00057108396397793,0.0461513037539161,0.0444995728827233,964,"tags=59%, list=29%, signal=42%","5293/4267/5295/2185/1499/3702/10627/5880/653361/399/7294/5578/2773/103910/7852/6093/7430/83593/3683/6494/7409/10451/1366","Down","gd_T_NK_cell","IMM","Ileum","ActiveCD_vs_Control","dataset_01"
"hsa05202","Transcriptional misregulation in cancer",37,-0.555873620084765,-1.88090999675748,0.000738420860062658,0.0461513037539161,0.0444995728827233,364,"tags=24%, list=11%, signal=22%","2005/3695/1051/8464/7704/3002/1670/4609/1671","Down","gd_T_NK_cell","IMM","Ileum","ActiveCD_vs_Control","dataset_01"
