"ID","Description","setSize","enrichmentScore","NES","pvalue","p.adjust","qvalue","rank","leading_edge","core_enrichment","ont","direction","cluster"
"GO:0009887","animal organ morphogenesis",201,0.355226318991004,1.66169026504308,7.45155794854165e-05,0.026060130389127,0.0239662069521995,1397,"tags=35%, list=21%, signal=28%","5613/2260/374/55959/6772/84159/324/55727/7128/7494/4124/29123/5089/23291/1112/9653/56172/27173/55870/6654/6491/2593/6786/3983/29072/25836/65979/4208/1512/5079/29926/171023/2033/3845/7168/54583/8879/1386/3636/5048/196528/2734/10409/10959/10152/4087/51141/8412/1432/3150/4193/4790/5530/4478/3265/6881/1399/7273/3516/57142/9321/57534/6935/57560/3399/1522/55636/10018/7976/55252","BP","Up",1
