"ID","Description","setSize","enrichmentScore","NES","pvalue","p.adjust","qvalue","rank","leading_edge","core_enrichment","direction","cell_type","cell_group","tissue","comparison","dataset"
"hsa03010","Ribosome",109,-0.401830510405473,-2.05689245994766,8.66244343334046e-07,0.000193172488563492,0.000174160704817687,552,"tags=40%, list=24%, signal=32%","6233/6147/6144/6230/9045/6207/6223/6208/6201/6136/6155/6161/6133/6142/6222/6137/6181/4736/6135/6224/6128/6134/6150/6132/6189/51081/6188/6193/6157/64981/6187/6122/6138/6173/65005/6124/6191/23521/6129/6194/64983/6160/6175/6139","Down","NK_cells_KLRF1_CD3G-","IMM","Colon","ActiveCD_vs_Control","dataset_02"
"hsa01200","Carbon metabolism",27,-0.563977103998772,-2.10174214094877,0.000134844265078879,0.0141784796605945,0.0127830522311709,346,"tags=78%, list=15%, signal=67%","1892/8802/2746/226/6888/128/5315/22934/2023/4191/5230/2597/3421/4190/7167/3418/8801/5223/6391/6392/6390","Down","NK_cells_KLRF1_CD3G-","IMM","Colon","ActiveCD_vs_Control","dataset_02"
"hsa00020","Citrate cycle (TCA cycle)",11,-0.775478488638447,-2.16024735350894,0.000190741878842079,0.0141784796605945,0.0127830522311709,312,"tags=64%, list=14%, signal=55%","3421/4190/3418/8801/6391/6392/6390","Down","NK_cells_KLRF1_CD3G-","IMM","Colon","ActiveCD_vs_Control","dataset_02"
"hsa05206","MicroRNAs in cancer",33,0.610564521793283,1.73023254353051,0.00074516014606368,0.0415426781430501,0.0374541020784639,548,"tags=55%, list=24%, signal=42%","472/9839/4194/5295/894/1786/1027/5243/5605/6774/6093/3925/27250/7430/3845/5594/5292/2885","Up","NK_cells_KLRF1_CD3G-","IMM","Colon","ActiveCD_vs_Control","dataset_02"
