"ID","Description","setSize","enrichmentScore","NES","pvalue","p.adjust","qvalue","rank","leading_edge","core_enrichment","direction","cell_type","cell_group","tissue","comparison","dataset"
"hsa00190","Oxidative phosphorylation",96,0.370415517384698,1.76919901233504,4.54103610022521e-05,0.0139863911886936,0.0129061026006401,2571,"tags=58%, list=33%, signal=40%","526/9377/4509/9114/4707/4710/529/4719/5464/4728/4704/4729/4696/27089/4720/4700/8992/4705/4723/55967/4535/4541/9296/4519/4709/4508/4537/1329/4712/4539/1350/4538/4697/537/4695/1351/4717/4514/4512/4716/1352/4722/6392/1327/7386/7388/4713/4718/9550/1345/4726/10063/4694/533/4706/29796","Up","IELs_ID3_ENTPD1","IMM","Ileum","InactiveCD_vs_Control","dataset_02"
"hsa03320","PPAR signaling pathway",26,-0.654569543759546,-1.8688461825953,0.000400480072906373,0.0498623960546911,0.0460110968378899,940,"tags=35%, list=12%, signal=31%","6256/6257/123/51/335/51703/2172/345/2168","Down","IELs_ID3_ENTPD1","IMM","Ileum","InactiveCD_vs_Control","dataset_02"
"hsa04612","Antigen processing and presentation",50,-0.537341813401407,-1.72370502121089,0.000557089727346444,0.0498623960546911,0.0460110968378899,1521,"tags=38%, list=20%, signal=31%","3312/3309/10197/3123/4802/811/1508/3326/3113/925/3823/8302/3812/3310/3822/3458/3320/3303/3304","Down","IELs_ID3_ENTPD1","IMM","Ileum","InactiveCD_vs_Control","dataset_02"
"hsa04061","Viral protein interaction with cytokine and cytokine receptor",30,0.518126692237766,1.96992960201302,0.000647563585125858,0.0498623960546911,0.0460110968378899,1156,"tags=43%, list=15%, signal=37%","4049/6375/2833/3560/3606/7132/6348/1435/3559/4055/8743/3561/10803","Up","IELs_ID3_ENTPD1","IMM","Ileum","InactiveCD_vs_Control","dataset_02"
