"ID","Description","setSize","enrichmentScore","NES","pvalue","p.adjust","qvalue","rank","leading_edge","core_enrichment","direction","cell_type","cell_group","tissue","comparison","dataset"
"hsa05417","Lipid and atherosclerosis",152,-0.410788913017608,-1.75500177850262,9.6505511240552e-05,0.016540706581407,0.014648403874489,1956,"tags=32%, list=19%, signal=27%","5452/4790/581/5879/5606/7409/2932/7410/3725/5970/3654/9138/3309/337/805/572/114609/6257/6714/3845/3308/5530/6300/3665/3312/3306/8797/5534/7186/7132/5331/5293/2919/7124/5600/2921/1649/3304/6352/6348/3326/355/3320/3310/2920/3553/3305/338/3329","Down","Plasma_cells","IMM","Ileum","InactiveCD_vs_Control","dataset_02"
"hsa04940","Type I diabetes mellitus",28,-0.657046499124094,-2.05437380557808,9.90461471940536e-05,0.016540706581407,0.014648403874489,404,"tags=36%, list=4%, signal=34%","3123/7124/3127/3135/3118/3382/3111/355/3553/3329","Down","Plasma_cells","IMM","Ileum","InactiveCD_vs_Control","dataset_02"
