"ID","Description","setSize","enrichmentScore","NES","pvalue","p.adjust","qvalue","rank","leading_edge","core_enrichment","direction","cell_type","cell_group","tissue","comparison","dataset"
"hsa01200","Carbon metabolism",61,-0.508015608992615,-1.93689157684716,9.80175068829331e-05,0.0268567968859237,0.0266194913429439,1504,"tags=59%, list=30%, signal=42%","6392/5230/226/8802/4200/2746/5162/6472/4190/3421/84532/2597/2023/5160/3420/83440/132158/8803/847/84706/6391/26007/5315/26227/7086/3417/6389/4191/2806/128/3419/2098/1738/229/5631/2203","Down","B_cell","IMM","Ileum","ActiveCD_vs_Control","dataset_01"
