"ID","Description","setSize","enrichmentScore","NES","pvalue","p.adjust","qvalue","rank","leading_edge","core_enrichment","direction","cell_type","cell_group","tissue","comparison","dataset"
"hsa03010","Ribosome",102,-0.394845407099271,-1.99212440229791,2.03841407259153e-06,0.000525910830728614,0.00050209357156465,796,"tags=50%, list=26%, signal=38%","6209/6133/6194/6208/6168/6167/6165/6227/9349/6228/6154/6175/6122/3921/6205/6137/6157/6201/6169/6187/6161/6138/6203/6229/6156/6147/6230/6222/6193/2197/4736/6134/6141/6191/6159/6128/6143/6189/6188/6217/6160/6152/51023/6132/9045/6130/6135/6139/6125/29074/6204","Down","Macrophages_LYVE1","IMM","Ileum","ActiveCD_vs_Control","dataset_02"
"hsa04142","Lysosome",62,0.537940778345376,1.79820319340185,0.000209552080439581,0.027032218376706,0.0258079930646642,656,"tags=44%, list=21%, signal=35%","245972/51606/2517/79158/53/3988/2760/3916/1508/1519/26088/2717/2799/3482/1520/535/4074/427/23312/3074/5660/4758/5476/1176/537/2519/3920","Up","Macrophages_LYVE1","IMM","Ileum","ActiveCD_vs_Control","dataset_02"
"hsa00600","Sphingolipid metabolism",16,0.735141781920285,1.91327207575239,0.000365974554588253,0.0314738116945898,0.0300484371135618,490,"tags=56%, list=16%, signal=47%","81537/2760/2717/427/3074/7357/5660/259230/4758","Up","Macrophages_LYVE1","IMM","Ileum","ActiveCD_vs_Control","dataset_02"
