"ID","Description","setSize","enrichmentScore","NES","pvalue","p.adjust","qvalue","rank","leading_edge","core_enrichment","direction","ont","gene_ratio","gene_count","cluster"
"GO:0003735","structural constituent of ribosome",105,0.440920341645923,1.91304092067204,3.02738434025795e-05,0.0215852503460392,0.0210004871603157,1648,"tags=62%, list=30%, signal=44%","6170/65993/6156/11222/6228/6134/51253/64981/6230/11224/6217/6122/7311/6222/78988/285855/6152/6194/6187/6169/6159/3921/23521/6235/6205/6165/6161/6138/7818/6188/6224/6137/6141/6142/6146/6136/6139/6128/64969/6176/6158/6173/6167/6206/6209/6157/6208/6232/6210/6168/6191/6234/6227/6129/2197/6204/6223/6203/6125/6130/6207/6160/10240/6166/6124","Up","MF",0.0180350395053246,105,2
"GO:0022625","cytosolic large ribosomal subunit",49,0.615560316402651,2.32431908126526,6.92190612844938e-06,0.00344018734583934,0.00337351846049691,1970,"tags=84%, list=36%, signal=54%","6170/6156/6134/11224/6122/7311/285855/6152/6169/6159/23521/6165/6161/6138/6137/6141/6142/6146/6136/6139/6128/6176/6158/6173/6167/6157/6168/6129/6125/6130/6160/6166/6124/6164/6135/6147/6175/6144/6133/6143/6181","Up","CC",0.00841635176915149,49,2
"GO:0022626","cytosolic ribosome",97,0.443206667765466,1.89810013553339,0.00011435318154845,0.0284167656147899,0.0278660647668066,1648,"tags=62%, list=30%, signal=44%","6170/10767/6156/6228/6134/113251/6230/11224/6217/6122/7311/6222/285855/6152/6194/6187/6169/6159/3921/23521/6235/6205/6165/6161/6138/6188/6224/6137/6141/6142/6146/6136/6139/6128/6176/6158/6173/6167/6206/6209/6157/6208/6232/6210/6168/6191/6234/6227/1915/6129/2197/6204/6223/6203/6125/6130/6207/6160/6166/6124","Up","CC",0.0166609412572999,97,2
"GO:0071276","cellular response to cadmium ion",12,-0.855160686419443,-2.07446352879975,8.39277945265577e-06,0.0157322650840032,0.0155663972585047,170,"tags=75%, list=3%, signal=73%","4501/4496/4493/4494/4502/3162/4968/4495/4499","Down","BP",0.0020611473720371,12,1
"GO:0071280","cellular response to copper ion",11,-0.899489237836646,-2.13054400197586,5.48157449380696e-07,0.00205504227772823,0.00203337563328166,170,"tags=64%, list=3%, signal=62%","4501/4496/4493/4494/4502/4495/4499","Down","BP",0.00188938509103401,11,1
"GO:0071294","cellular response to zinc ion",11,-0.84602211563465,-2.00390095643554,3.97705592375128e-05,0.0496999421938118,0.0491759476326298,170,"tags=64%, list=3%, signal=62%","4501/4496/4493/4494/4502/4495/4499","Down","BP",0.00188938509103401,11,1
