"ID","Description","setSize","enrichmentScore","NES","pvalue","p.adjust","qvalue","rank","leading_edge","core_enrichment","direction","cell_type","cell_group","tissue","comparison","dataset"
"hsa04714","Thermogenesis",103,0.440580394342011,2.0202210098938,6.66157093273975e-06,0.00167205430411768,0.00147956996506114,837,"tags=48%, list=26%, signal=36%","5567/493753/4717/57492/5566/6595/388753/8289/4541/4509/84987/28958/6197/6390/4720/51241/4512/4537/54539/6599/2778/116228/6601/55967/91942/1345/4519/1350/71/4539/4726/29796/4706/1329/4695/4514/4713/4536/4538/4508/4696/4729/4711/4707/4513/4712/7381/4535/4716","Up","ILCs","IMM","Ileum","InactiveCD_vs_Control","dataset_02"
"hsa04141","Protein processing in endoplasmic reticulum",93,-0.468137659473047,-1.81150354685413,8.24952256503921e-05,0.0103531508191242,0.00916131190117512,974,"tags=51%, list=30%, signal=36%","4121/823/10952/3312/79139/22872/811/10960/22926/55968/3337/118424/573/2081/3998/56681/51128/23480/7415/3326/58505/6747/2923/596/6400/54431/51726/3301/11231/29927/1965/23645/10956/64215/5611/10808/5887/3320/7321/6396/7494/3309/3303/468/1649/3304/5034","Down","ILCs","IMM","Ileum","InactiveCD_vs_Control","dataset_02"
"hsa05168","Herpes simplex virus 1 infection",69,-0.495082285019063,-1.82597398883397,0.000167940785447472,0.0140510457157718,0.0124335107822514,714,"tags=58%, list=22%, signal=46%","56829/581/3119/6426/7188/5452/811/3117/6890/6009/5500/7124/54205/841/3455/972/3459/4790/330/6432/6732/6428/2923/596/5295/6427/4792/8740/3460/1965/208/6430/9021/6431/3123/3127/572/4049/3454/3665","Down","ILCs","IMM","Ileum","InactiveCD_vs_Control","dataset_02"
"hsa04668","TNF signaling pathway",44,-0.534946278302359,-1.82539611745581,0.000448835632311315,0.028164435927535,0.0249221890572862,704,"tags=48%, list=22%, signal=38%","7124/841/64764/4790/1326/330/3976/5295/4792/3659/208/9021/5604/6364/79651/4049/3383/468/602/7185/1437","Down","ILCs","IMM","Ileum","InactiveCD_vs_Control","dataset_02"
