"ID","Description","setSize","enrichmentScore","NES","pvalue","p.adjust","qvalue","rank","leading_edge","core_enrichment","direction","cell_type","cell_group","tissue","comparison","dataset"
"hsa05417","Lipid and atherosclerosis",88,-0.542591868399519,-1.98921173185642,7.30393483021511e-07,0.000197206240415808,0.000164530742491161,897,"tags=41%, list=19%, signal=34%","2081/9475/836/805/29110/5170/3725/208/51135/841/3312/3326/207/3309/3665/4217/5970/596/3845/5606/468/1649/5533/5295/3329/7494/3310/5601/2920/6256/3383/7124/3320/335/3303/3304","Down","NK_cells_KLRF1_CD3G-","IMM","Ileum","InactiveCD_vs_Control","dataset_02"
"hsa04668","TNF signaling pathway",51,-0.536207589146315,-1.83522564600746,0.000280750498507675,0.0262608759281488,0.0219096586690988,796,"tags=45%, list=17%, signal=38%","836/1388/83737/3725/208/3726/841/7133/207/4217/5970/3659/5606/468/330/5295/843/5601/2920/602/9021/3383/7124","Down","NK_cells_KLRF1_CD3G-","IMM","Ileum","InactiveCD_vs_Control","dataset_02"
"hsa05145","Toxoplasmosis",50,-0.537251156714681,-1.83506835877527,0.000291787510312765,0.0262608759281488,0.0219096586690988,876,"tags=44%, list=19%, signal=36%","3587/836/3459/5170/208/51135/841/3312/207/5970/596/5606/8651/330/3310/5601/10105/4793/3458/7124/3303/3304","Down","NK_cells_KLRF1_CD3G-","IMM","Ileum","InactiveCD_vs_Control","dataset_02"
