"ID","Description","setSize","enrichmentScore","NES","pvalue","p.adjust","qvalue","rank","leading_edge","core_enrichment","direction","cell_type","cell_group","tissue","comparison","dataset"
"hsa01200","Carbon metabolism",34,-0.596880923762292,-2.69484896893368,2.99523645864887e-07,7.30837695910325e-05,6.4318761848881e-05,701,"tags=68%, list=22%, signal=53%","6389/128/1892/8802/6888/2539/847/5315/2597/8801/2023/226/3421/6390/22934/6392/5230/4190/4191/7167/5223/3418/6391","Down","NK_cells_KLRF1_CD3G-","IMM","Colon","InactiveCD_vs_Control","dataset_02"
"hsa03050","Proteasome",36,-0.530625996138311,-2.43406164010615,1.08458310179152e-05,0.00132319138418566,0.00116449975139722,629,"tags=47%, list=20%, signal=38%","5710/5702/5682/9491/5720/9861/11047/5689/5694/5691/5698/5704/5693/5721/5701/5690/5699","Down","NK_cells_KLRF1_CD3G-","IMM","Colon","InactiveCD_vs_Control","dataset_02"
"hsa01230","Biosynthesis of amino acids",17,-0.682128491280805,-2.42186883086042,2.3614780980469e-05,0.00192066885307814,0.00169032116491778,330,"tags=65%, list=10%, signal=58%","5315/2597/2023/226/3421/22934/5230/29920/7167/5223/3418","Down","NK_cells_KLRF1_CD3G-","IMM","Colon","InactiveCD_vs_Control","dataset_02"
"hsa00020","Citrate cycle (TCA cycle)",13,-0.741263581456793,-2.44986859490864,9.37268338680274e-05,0.00571733686594967,0.00503165108133621,282,"tags=62%, list=9%, signal=56%","8801/3421/6390/6392/4190/4191/3418/6391","Down","NK_cells_KLRF1_CD3G-","IMM","Colon","InactiveCD_vs_Control","dataset_02"
"hsa05200","Pathways in cancer",120,0.505837961901449,1.4443167648038,0.000203123264568691,0.00991241531095211,0.00872360967831851,1160,"tags=59%, list=37%, signal=39%","2033/8202/2113/3320/5295/6655/4790/7048/7423/3326/10672/331/2771/7046/894/1499/5605/10125/8648/3716/5900/1027/998/7296/5567/3688/6093/2782/10928/26060/1488/3091/4791/1021/4851/329/596/7184/3575/2778/6774/27436/5728/5578/2776/1487/4437/6932/6772/5579/5970/2885/7175/7040/7188/1647/7157/801/4780/330/1398/3560/3845/7170/5594/6775/3725/7704/6789/5336/836","Up","NK_cells_KLRF1_CD3G-","IMM","Colon","InactiveCD_vs_Control","dataset_02"
"hsa03083","Polycomb repressive complex",27,0.656100147140513,1.66312852819057,0.000369654699457189,0.0150326244445924,0.0132297471384678,319,"tags=37%, list=10%, signal=34%","2033/55252/8535/8473/23269/23512/23429/22992/26053/3720","Up","NK_cells_KLRF1_CD3G-","IMM","Colon","InactiveCD_vs_Control","dataset_02"
