"ID","Description","setSize","enrichmentScore","NES","pvalue","p.adjust","qvalue","rank","leading_edge","core_enrichment","direction","cell_type","cell_group","tissue","comparison","dataset"
"hsa05134","Legionellosis",40,-0.538887356865868,-2.11552995921112,3.95841494752396e-05,0.00702529434163199,0.00673883092946198,241,"tags=32%, list=5%, signal=31%","7100/7124/836/3312/4792/2921/4790/3329/3303/3304/2920/3553/2919","Down","Macrophages_LYVE1","IMM","Ileum","InactiveCD_vs_Control","dataset_02"
"hsa05417","Lipid and atherosclerosis",118,-0.360568906616068,-1.79026147735187,4.79542275879317e-05,0.00702529434163199,0.00673883092946198,604,"tags=28%, list=12%, signal=25%","5290/2353/5293/4318/7124/7494/4780/2932/6348/836/335/3725/10010/3312/6648/4792/637/2921/3949/5331/4790/3326/3383/3320/3329/3303/2081/3304/1649/6349/2920/3553/2919","Down","Macrophages_LYVE1","IMM","Ileum","InactiveCD_vs_Control","dataset_02"
"hsa05418","Fluid shear stress and atherosclerosis",64,-0.423959886995491,-1.87675549565336,0.000336743408214417,0.0328886062022747,0.0315475403485085,604,"tags=30%, list=12%, signal=26%","5290/2353/5293/4318/7124/8878/4780/25828/3725/5562/4790/3326/3383/3320/7422/2952/7056/3552/3553","Down","Macrophages_LYVE1","IMM","Ileum","InactiveCD_vs_Control","dataset_02"
