"ID","Description","setSize","enrichmentScore","NES","pvalue","p.adjust","qvalue","rank","leading_edge","core_enrichment","direction","cell_type","cell_group","tissue","comparison","dataset"
"hsa03010","Ribosome",126,-0.551232008739358,-2.43066790419607,1e-10,3.25e-08,2.84210526315789e-08,3047,"tags=67%, list=33%, signal=45%","6171/10573/6183/219927/6164/6128/6125/6165/51073/65005/55173/2197/6133/6191/64963/6176/65003/64965/63931/6229/51187/9045/6158/6144/6152/6137/6143/6208/7311/6138/29088/6155/6189/6161/6154/64928/6223/51081/6135/6166/6194/6132/6222/25873/6181/6205/9349/6150/4736/6224/6175/11224/29074/6159/6147/6141/6134/6193/6217/6192/6129/6188/6142/6160/6169/6230/6124/51069/6122/6204/6203/124995/6187/51116/3921/63875/64960/6209/6157/6173/23521/55168/6182/6218/6139","Down","Macrophages_CCL3_CCL4","IMM","Ileum","InactiveCD_vs_Control","dataset_02"
"hsa03272","Virion - Hepatitis viruses",24,-0.675138281750861,-2.14495606706512,7.20459192169927e-05,0.0117074618727613,0.0102381043097832,559,"tags=25%, list=6%, signal=24%","4072/1364/128866/928/9076/1365","Down","Macrophages_CCL3_CCL4","IMM","Ileum","InactiveCD_vs_Control","dataset_02"
