"ID","Description","setSize","enrichmentScore","NES","pvalue","p.adjust","qvalue","rank","leading_edge","core_enrichment","direction","cell_type","cell_group","tissue","comparison","dataset"
"hsa04657","IL-17 signaling pathway",17,0.771339617171292,2.1139394780502,2.94546021349619e-05,0.00450655412664917,0.00409263945454207,60,"tags=41%, list=4%, signal=40%","3627/6372/2354/2919/2920/6347/1051","Up","S4_fibroblasts","STR","Ileum","InactiveCD_vs_Control","dataset_01"
"hsa05171","Coronavirus disease - COVID-19",101,0.43807620897901,1.75949492421447,8.21160547624652e-05,0.00628187818932859,0.00570490485718179,575,"tags=61%, list=43%, signal=38%","3627/1675/6772/6347/6206/3572/6217/103/730/6158/6175/6192/6167/3725/6173/2353/6228/6146/6139/6176/6210/6136/6181/200916/6159/6168/6169/6141/6234/6133/6134/23521/6207/6189/6171/6156/6205/6235/6143/6170/6218/6137/6161/9045/6152/6222/6147/3921/6130/6144/6155/6227/6201/6157/6125/6204/6193/25873/6232/6164/6229/6233","Up","S4_fibroblasts","STR","Ileum","InactiveCD_vs_Control","dataset_01"
"hsa04668","TNF signaling pathway",20,0.713272487630228,1.99274912091267,0.000196735022463724,0.00805390735608517,0.00731417799107838,74,"tags=35%, list=5%, signal=34%","3627/6372/2919/2920/6347/1051/4323","Up","S4_fibroblasts","STR","Ileum","InactiveCD_vs_Control","dataset_01"
"hsa04640","Hematopoietic cell lineage",19,-0.805741982319457,-1.87314649658157,0.000210559669440135,0.00805390735608517,0.00731417799107838,149,"tags=63%, list=11%, signal=57%","3123/929/3113/3122/1604/928/951/3119/933/931/1378/1380","Down","S4_fibroblasts","STR","Ileum","InactiveCD_vs_Control","dataset_01"
"hsa04081","Hormone signaling",14,-0.838080076309984,-1.85604006743123,0.000628818088954718,0.0192418335220144,0.0174745237351627,39,"tags=36%, list=3%, signal=35%","8660/10266/10268/10267/4880","Down","S4_fibroblasts","STR","Ileum","InactiveCD_vs_Control","dataset_01"
