"ID","Description","setSize","enrichmentScore","NES","pvalue","p.adjust","qvalue","rank","leading_edge","core_enrichment","direction","cell_type","cell_group","tissue","comparison","dataset"
"hsa04061","Viral protein interaction with cytokine and cytokine receptor",30,-0.673302974812881,-2.47102516313715,1.11313110109401e-06,0.000162605602789893,0.00015554428283684,283,"tags=43%, list=8%, signal=40%","8743/4283/2921/6348/4055/7132/6349/8740/6364/6373/3627/6355/6347","Down","Monocytes_S100A8_S100A9","IMM","Ileum","InactiveCD_vs_Control","dataset_02"
"hsa04060","Cytokine-cytokine receptor interaction",58,-0.545193397712888,-2.35589887139793,1.23654450790793e-06,0.000162605602789893,0.00015554428283684,351,"tags=33%, list=10%, signal=30%","8742/958/3556/8743/4283/3566/2921/6348/1438/4055/7132/9466/6349/8740/6364/6373/3627/6355/6347","Down","Monocytes_S100A8_S100A9","IMM","Ileum","InactiveCD_vs_Control","dataset_02"
"hsa04062","Chemokine signaling pathway",78,-0.406337845239949,-1.85958013298226,0.000129106165941139,0.0113183072141732,0.0108267977754148,306,"tags=21%, list=9%, signal=19%","23533/998/4283/4790/2932/59345/2921/2870/6348/207/6349/6364/6373/3627/6355/6347","Down","Monocytes_S100A8_S100A9","IMM","Ileum","InactiveCD_vs_Control","dataset_02"
