"ID","Description","setSize","enrichmentScore","NES","pvalue","p.adjust","qvalue","rank","leading_edge","core_enrichment","direction","cell_type","cell_group","tissue","comparison","dataset"
"hsa03010","Ribosome",113,0.389213901826825,1.78937500444673,9.60566725006983e-05,0.0243023381426767,0.0222447031054249,1250,"tags=74%, list=37%, signal=49%","64963/65003/6183/51065/64928/6206/6167/6181/6159/6204/51073/6228/6168/6218/6158/6155/6130/6132/51021/6227/6133/6182/64960/11224/200916/6156/6176/51121/6189/6193/6169/6217/219927/6202/6210/29093/6141/6233/6224/6191/6152/6234/6143/6137/6171/25873/6125/3921/6194/6146/6209/6207/6142/6139/6161/6222/6134/2197/6166/6205/9045/6173/6208/6154/6147/6232/6235/6138/55052/7311/6229/6135/6223/6157/6165/6164/51264/4736/6124/23521/6201/6188/6175/9349","Up","gd_T_NK_cell","IMM","Ileum","InactiveCD_vs_Control","dataset_01"
