"ID","Description","setSize","enrichmentScore","NES","pvalue","p.adjust","qvalue","rank","leading_edge","core_enrichment","direction","cell_type","cell_group","tissue","comparison","dataset"
"hsa04940","Type I diabetes mellitus",21,0.546194790198005,2.46318370494746,1.25381194683312e-06,0.000363605464581606,0.000360305959458361,404,"tags=48%, list=4%, signal=46%","3123/3122/3105/3134/3133/3107/3115/3113/3108/3106","Up","LND","EPI","Colon","ActiveCD_vs_Control","dataset_03"
"hsa05330","Allograft rejection",18,0.589342410327951,2.68992870105097,3.35654943279034e-06,0.000478970358601052,0.000474623985111024,404,"tags=56%, list=4%, signal=54%","3123/3122/3105/3134/3133/3107/3115/3113/3108/3106","Up","LND","EPI","Colon","ActiveCD_vs_Control","dataset_03"
"hsa05332","Graft-versus-host disease",18,0.578471969035926,2.64031287243915,4.95486577863157e-06,0.000478970358601052,0.000474623985111024,404,"tags=56%, list=4%, signal=54%","3123/3122/3105/3134/3133/3107/3115/3113/3108/3106","Up","LND","EPI","Colon","ActiveCD_vs_Control","dataset_03"
"hsa05320","Autoimmune thyroid disease",20,0.488853858628419,2.23202941938996,9.1549693256658e-05,0.0066373527611077,0.00657712269975464,404,"tags=50%, list=4%, signal=48%","3123/3122/3105/3134/3133/3107/3115/3113/3108/3106","Up","LND","EPI","Colon","ActiveCD_vs_Control","dataset_03"
