"ID","Description","setSize","enrichmentScore","NES","pvalue","p.adjust","qvalue","rank","leading_edge","core_enrichment","direction","cell_type","cell_group","tissue","comparison","dataset"
"hsa03050","Proteasome",40,-0.438803245324192,-2.15689014043313,0.000113978849530623,0.0168292218277973,0.0143082452786941,946,"tags=55%, list=23%, signal=43%","9491/9861/5702/5719/5695/5717/5714/5689/11047/5705/5720/5694/5682/5693/5698/5691/5704/5690/5721/5701/5699/5715","Down","T_cells_CD8_KLRG1","IMM","Colon","InactiveCD_vs_Control","dataset_02"
"hsa00010","Glycolysis / Gluconeogenesis",21,-0.579330357717027,-2.26263376790868,0.000185799990658247,0.0168292218277973,0.0143082452786941,907,"tags=57%, list=22%, signal=45%","3939/83440/226/5214/2597/5315/5230/2023/3945/5162/7167/5223","Down","T_cells_CD8_KLRG1","IMM","Colon","InactiveCD_vs_Control","dataset_02"
"hsa01232","Nucleotide metabolism",25,-0.53551029248656,-2.25271692285955,0.000207106470698717,0.0168292218277973,0.0143082452786941,1020,"tags=64%, list=25%, signal=48%","4832/158/3704/51020/51292/3615/1635/4830/2987/204/3251/1854/84284/100/1633/51727","Down","T_cells_CD8_KLRG1","IMM","Colon","InactiveCD_vs_Control","dataset_02"
"hsa01230","Biosynthesis of amino acids",22,-0.55932734350424,-2.25900005299522,0.000258911105043035,0.0168292218277973,0.0143082452786941,794,"tags=73%, list=20%, signal=59%","6888/2752/50/226/5214/2597/3418/5315/5230/2023/3420/29920/7167/5631/5223/22934","Down","T_cells_CD8_KLRG1","IMM","Colon","InactiveCD_vs_Control","dataset_02"
