"ID","Description","setSize","enrichmentScore","NES","pvalue","p.adjust","qvalue","rank","leading_edge","core_enrichment","direction","cell_type","cell_group","tissue","comparison","dataset"
"hsa04382","Cornified envelope formation",40,-0.692284024111731,-2.25831453171956,2.73438506610835e-07,8.12112364634179e-05,7.68506118579925e-05,816,"tags=55%, list=15%, signal=47%","1364/57402/5339/140576/2053/6282/5516/6281/3655/1366/23254/7357/3728/3856/5515/1365/3875/6768/7082/3880/54474/51099","Down",TRUE,"IMM","Ileum","InactiveCD_vs_Control","dataset_03"
"hsa04978","Mineral absorption",23,-0.768242367105333,-2.20033232582502,1.64204913863915e-06,0.000190690506390516,0.00018045140955615,649,"tags=57%, list=12%, signal=50%","79901/2512/1811/481/4501/4496/4493/4494/4502/3162/4495/340024/4499","Down",TRUE,"IMM","Ileum","InactiveCD_vs_Control","dataset_03"
"hsa03010","Ribosome",90,0.510081809952536,2.20757807198938,1.92616673121734e-06,0.000190690506390516,0.00018045140955615,1648,"tags=66%, list=30%, signal=47%","6170/6156/11222/6228/6134/64981/6230/11224/6217/6122/7311/6222/6152/6194/6187/6169/6159/3921/23521/6235/6205/6165/6161/6138/6188/6224/6137/6141/6142/6146/6136/6139/6128/64969/6176/6158/6173/6167/6206/6209/6157/6208/6232/6210/6168/6191/6234/6227/6129/2197/6204/6223/6203/6125/6130/6207/6160/6166/6124","Up",TRUE,"IMM","Ileum","InactiveCD_vs_Control","dataset_03"
"hsa00051","Fructose and mannose metabolism",13,-0.803321193686897,-2.0302077593389,7.4527325012115e-05,0.00553365388214954,0.00523652520479861,92,"tags=31%, list=2%, signal=30%","229/57016/80201/2203","Down",TRUE,"IMM","Ileum","InactiveCD_vs_Control","dataset_03"
"hsa00052","Galactose metabolism",14,-0.732432357492437,-1.90079386426074,0.000685275998918342,0.0407053943357495,0.0385197245707784,149,"tags=43%, list=3%, signal=42%","5236/2592/2595/57016/8972/80201","Down",TRUE,"IMM","Ileum","InactiveCD_vs_Control","dataset_03"
